{"cameraMode":{"drawMode":0,"name":"Shaded","section":"Shading Mode"},"sceneLighting":true,"audioPlay":false,"sceneViewState":{"m_AlwaysRefresh":false,"showFog":true,"showSkybox":true,"showFlares":true,"showImageEffects":true,"showParticleSystems":true,"showVisualEffectGraphs":true,"m_FxEnabled":true},"in2DMode":false,"pivot":{"x":0.9876770377159119,"y":0.21309112012386323,"z":3.214536428451538},"rotation":{"x":0.3542045056819916,"y":0.07562572509050369,"z":-0.02875169739127159,"w":0.9316629767417908},"size":5.706923961639404,"orthographic":false}